{
  "flood_test": {
    "mean_iou": 0.5847189346603864,
    "class_ious": [
      0.18748421023570844,
      0.9819536590850643
    ],
    "loss": 0.1763898198093687
  },
  "damage_test": {
    "mean_iou": 0.5783410595801491,
    "class_ious": [
      0.7324376323040436,
      0.5098648060436133,
      0.4197879198328046,
      0.6512738801401351
    ],
    "loss": 0.3455709181725979
  },
  "training_config": {}
}